<?xml version="1.0" encoding="UTF-8"?>
<PE_PROJECT_SETTINGS_DOCUMENTATION>
  <PE_product_version v="version 10.5 for Freescale Microcontrollers" />
  <PE_core_version v="Processor Expert Version 0521" />
  <CPU_Bean name="Cpu" type="MK60FN1M0LQ15">
    <Enabled v="N" />
    <Properties>
      <Component_name v="Cpu" />
      <CPU_type v="MK60FN1M0VLQ12" />
      <Initialization_priority v="minimal priority" />
      <Watchdog_disable v="yes" />
      <group name="Internal peripherals">
        <EmptySection_DummyValue />
      </group>
      <group name="Low power mode settings">
        <EmptySection_DummyValue />
      </group>
      <list name="Clock configurations" v="1">
        <group name="Clock configuration 0">
          <boolgroup name="Very low power mode" v="Disabled" />
          <enumgroup name="Clock source setting" v="configuration 0">
            <MCG_mode v="FEI" />
            <MCG_output__MHz_ v="20.971520000000" />
            <MCGIRCLK_clock__MHz_ v="0.032768" />
            <OSCERCLK_clock__MHz_ v="0" />
            <ERCLK32K__clock__kHz_ v="0" />
            <MCGFFCLK__kHz_ v="16.384" />
          </enumgroup>
          <group name="System clocks">
            <Core_clock_prescaler v="Auto select" />
            <Core_clock v="20.971520000000" />
            <Bus_clock_prescaler v="Auto select" />
            <Bus_clock v="20.971520000000" />
            <External_clock_prescaler v="Auto select" />
            <External_bus_clock v="10.485760000000" />
            <Flash_clock_prescaler v="Auto select" />
            <Flash_clock v="10.485760000000" />
            <enumgroup name="PLL/FLL clock selection" v="FLL">
              <Clock_frequency__MHz_ v="20.971520000000" />
            </enumgroup>
          </group>
        </group>
      </list>
    </Properties>
    <Methods>
      <EmptySection_DummyValue />
    </Methods>
    <Events>
      <Event_module_name v="Events" />
    </Events>
    <Compiler v="GNU C Compiler" />
    <CompilerProperties>
      <Compiler v="GNU C Compiler" />
      <boolgroup name="Generate linker file" v="yes">
        <Stack_size v="1024" />
        <Heap_size v="0" />
        <Set_memory_segments_to_default v="Click to set default &amp;gt;" />
        <Default_memory_for_interrupts v="INTERNAL RAM" />
        <Default_memory_for_code v="INTERNAL RAM" />
        <Default_memory_for_data v="INTERNAL RAM" />
        <list name="ROM/RAM Areas" v="5">
          <group name="MemoryArea0">
            <boolgroup name="ROM/RAM Area" v="Enabled">
              <Name v="m_interrupts" />
              <Qualifier v="RX" />
              <Address v="0" />
              <Size v="488" />
            </boolgroup>
          </group>
          <group name="MemoryArea1">
            <boolgroup name="ROM/RAM Area" v="Disabled" />
          </group>
          <group name="MemoryArea2">
            <boolgroup name="ROM/RAM Area" v="Enabled">
              <Name v="m_text" />
              <Qualifier v="RX" />
              <Address v="1040" />
              <Size v="1047536" />
            </boolgroup>
          </group>
          <group name="MemoryArea3">
            <boolgroup name="ROM/RAM Area" v="Enabled">
              <Name v="m_data" />
              <Qualifier v="RW" />
              <Address v="536805376" />
              <Size v="65536" />
            </boolgroup>
          </group>
          <group name="MemoryArea4">
            <boolgroup name="ROM/RAM Area" v="Enabled">
              <Name v="m_data_20000000" />
              <Qualifier v="RW" />
              <Address v="536870912" />
              <Size v="65536" />
            </boolgroup>
          </group>
        </list>
      </boolgroup>
    </CompilerProperties>
  </CPU_Bean>
  <CPU_Bean name="Cpu" type="MK60FN1M0LQ15">
    <Enabled v="Y" />
    <Properties>
      <Component_name v="Cpu" />
      <CPU_type v="MK60FN1M0VLQ12" />
      <Initialization_priority v="minimal priority" />
      <Watchdog_disable v="yes" />
      <group name="Internal peripherals">
        <EmptySection_DummyValue />
      </group>
      <group name="Low power mode settings">
        <EmptySection_DummyValue />
      </group>
      <list name="Clock configurations" v="1">
        <group name="Clock configuration 0">
          <boolgroup name="Very low power mode" v="Disabled" />
          <enumgroup name="Clock source setting" v="configuration 0">
            <MCG_mode v="PEE" />
            <MCG_output__MHz_ v="120" />
            <MCGIRCLK_clock__MHz_ v="0.032768" />
            <OSCERCLK_clock__MHz_ v="8" />
            <ERCLK32K__clock__kHz_ v="8" />
            <MCGFFCLK__kHz_ v="15.625" />
          </enumgroup>
          <group name="System clocks">
            <Core_clock_prescaler v="Auto select" />
            <Core_clock v="120" />
            <Bus_clock_prescaler v="Auto select" />
            <Bus_clock v="30" />
            <External_clock_prescaler v="Auto select" />
            <External_bus_clock v="30" />
            <Flash_clock_prescaler v="Auto select" />
            <Flash_clock v="15" />
            <enumgroup name="PLL/FLL clock selection" v="FLL">
              <Clock_frequency__MHz_ v="0" />
            </enumgroup>
          </group>
        </group>
      </list>
    </Properties>
    <Methods>
      <EmptySection_DummyValue />
    </Methods>
    <Events>
      <Event_module_name v="Events" />
    </Events>
    <Compiler v="GNU C Compiler" />
    <CompilerProperties>
      <Compiler v="GNU C Compiler" />
      <enumgroup name="Unhandled vectors" v="One handler for all">
        <Unhandled_int_code>
          <StrgList><![CDATA[/* This code can be changed using the CPU component property "Build Options / Unhandled int code" */
PE_DEBUGHALT();
]]></StrgList>
        </Unhandled_int_code>
      </enumgroup>
      <group name="User initialization">
        <User_data_declarations>
          <StrgList></StrgList>
        </User_data_declarations>
        <User_code_before_PE_initialization>
          <StrgList></StrgList>
        </User_code_before_PE_initialization>
        <User_code_after_PE_initialization>
          <StrgList></StrgList>
        </User_code_after_PE_initialization>
      </group>
      <boolgroup name="Generate debugger files" v="no" />
      <group name="Startup">
        <Add_startup_file v="yes" />
      </group>
      <boolgroup name="Generate linker file" v="yes">
        <Stack_size v="1024" />
        <Heap_size v="0" />
        <Set_memory_segments_to_default v="Click to set default &amp;gt;" />
        <Default_memory_for_interrupts v="INTERNAL FLASH" />
        <Default_memory_for_code v="INTERNAL FLASH" />
        <Default_memory_for_data v="INTERNAL RAM" />
        <list name="ROM/RAM Areas" v="5">
          <group name="MemoryArea0">
            <boolgroup name="ROM/RAM Area" v="Enabled">
              <Name v="m_interrupts" />
              <Qualifier v="RX" />
              <Address v="0" />
              <Size v="488" />
            </boolgroup>
          </group>
          <group name="MemoryArea1">
            <boolgroup name="ROM/RAM Area" v="Disabled" />
          </group>
          <group name="MemoryArea2">
            <boolgroup name="ROM/RAM Area" v="Enabled">
              <Name v="m_text" />
              <Qualifier v="RX" />
              <Address v="1040" />
              <Size v="1047536" />
            </boolgroup>
          </group>
          <group name="MemoryArea3">
            <boolgroup name="ROM/RAM Area" v="Enabled">
              <Name v="m_data" />
              <Qualifier v="RW" />
              <Address v="536805376" />
              <Size v="65536" />
            </boolgroup>
          </group>
          <group name="MemoryArea4">
            <boolgroup name="ROM/RAM Area" v="Enabled">
              <Name v="m_data_20000000" />
              <Qualifier v="RW" />
              <Address v="536870912" />
              <Size v="65536" />
            </boolgroup>
          </group>
        </list>
      </boolgroup>
    </CompilerProperties>
  </CPU_Bean>
  <Bean name="PTB" type="Init_GPIO">
    <Enabled v="Y" />
    <Properties>
      <Component_name v="PTB" />
      <Device v="PTB" />
      <group name="Settings">
        <boolgroup name="Pin 0" v="Do not initialize" />
        <boolgroup name="Pin 1" v="Initialize">
          <Pin_direction v="Output" />
          <Output_value v="1" />
          <Open_drain v="Disabled" />
          <Pull_resistor v="Disabled" />
          <Pull_selection v="No initialization" />
          <Slew_rate v="Fast" />
          <Drive_strength v="High" />
          <Interrupt_DMA_request v="Disabled" />
          <Digital_filter v="Disabled" />
          <Passive_filter v="Disabled" />
          <Lock v="no" />
        </boolgroup>
        <boolgroup name="Pin 2" v="Do not initialize" />
        <boolgroup name="Pin 3" v="Do not initialize" />
        <boolgroup name="Pin 4" v="Do not initialize" />
        <boolgroup name="Pin 5" v="Do not initialize" />
        <boolgroup name="Pin 6" v="Do not initialize" />
        <boolgroup name="Pin 7" v="Do not initialize" />
        <boolgroup name="Pin 8" v="Do not initialize" />
        <boolgroup name="Pin 9" v="Do not initialize" />
        <boolgroup name="Pin 10" v="Do not initialize" />
        <boolgroup name="Pin 11" v="Do not initialize" />
        <boolgroup name="Pin 16" v="Do not initialize" />
        <boolgroup name="Pin 17" v="Do not initialize" />
        <boolgroup name="Pin 18" v="Do not initialize" />
        <boolgroup name="Pin 19" v="Do not initialize" />
        <boolgroup name="Pin 20" v="Do not initialize" />
        <boolgroup name="Pin 21" v="Do not initialize" />
        <boolgroup name="Pin 22" v="Do not initialize" />
        <boolgroup name="Pin 23" v="Do not initialize" />
        <Digital_filter_clock_source v="Bus clock" />
        <Digital_filter_width v="0" />
      </group>
      <group name="Pin selection/routing">
        <boolgroup name="Pin 0" v="Disabled" />
        <boolgroup name="Pin 1" v="Enabled">
          <Pin v="ADC0_SE9/ADC1_SE9/ADC2_SE9/ADC3_SE9/TSI0_CH6/PTB1/I2C0_SDA/FTM1_CH1/RMII0_MDC/MII0_MDC/FTM1_QD_PHB" />
        </boolgroup>
        <boolgroup name="Pin 2" v="Disabled" />
        <boolgroup name="Pin 3" v="Disabled" />
        <boolgroup name="Pin 4" v="Disabled" />
        <boolgroup name="Pin 5" v="Disabled" />
        <boolgroup name="Pin 6" v="Disabled" />
        <boolgroup name="Pin 7" v="Disabled" />
        <boolgroup name="Pin 8" v="Disabled" />
        <boolgroup name="Pin 9" v="Disabled" />
        <boolgroup name="Pin 10" v="Disabled" />
        <boolgroup name="Pin 11" v="Disabled" />
        <boolgroup name="Pin 16" v="Disabled" />
        <boolgroup name="Pin 17" v="Disabled" />
        <boolgroup name="Pin 18" v="Disabled" />
        <boolgroup name="Pin 19" v="Disabled" />
        <boolgroup name="Pin 20" v="Disabled" />
        <boolgroup name="Pin 21" v="Disabled" />
        <boolgroup name="Pin 22" v="Disabled" />
        <boolgroup name="Pin 23" v="Disabled" />
      </group>
      <group name="Interrupts">
        <boolgroup name="Port interrupt" v="Disabled" />
      </group>
      <group name="Initialization">
        <Call_Init_method v="yes" />
      </group>
    </Properties>
    <Methods>
      <Init v="generate code" />
    </Methods>
    <Events>
      <EmptySection_DummyValue />
    </Events>
  </Bean>
</PE_PROJECT_SETTINGS_DOCUMENTATION>

