<?xml version="1.0" encoding="UTF-8"?>
<PE_PROJECT_SETTINGS_DOCUMENTATION>
  <PE_product_version v="version 10.5 for Freescale Microcontrollers" />
  <PE_core_version v="Processor Expert Version 0521" />
  <CPU_Bean name="Cpu" type="MK60FN1M0LQ15">
    <Enabled v="N" />
    <Properties>
      <Component_name v="Cpu" />
      <CPU_type v="MK60FN1M0VLQ12" />
      <Initialization_priority v="minimal priority" />
      <Watchdog_disable v="yes" />
      <group name="Internal peripherals">
        <EmptySection_DummyValue />
      </group>
      <group name="Low power mode settings">
        <EmptySection_DummyValue />
      </group>
      <list name="Clock configurations" v="1">
        <group name="Clock configuration 0">
          <boolgroup name="Very low power mode" v="Disabled" />
          <enumgroup name="Clock source setting" v="configuration 0">
            <MCG_mode v="FEI" />
            <MCG_output__MHz_ v="20.971520000000" />
            <MCGIRCLK_clock__MHz_ v="0.032768" />
            <OSCERCLK_clock__MHz_ v="0" />
            <ERCLK32K__clock__kHz_ v="0" />
            <MCGFFCLK__kHz_ v="16.384" />
          </enumgroup>
          <group name="System clocks">
            <Core_clock_prescaler v="Auto select" />
            <Core_clock v="20.971520000000" />
            <Bus_clock_prescaler v="Auto select" />
            <Bus_clock v="20.971520000000" />
            <External_clock_prescaler v="Auto select" />
            <External_bus_clock v="10.485760000000" />
            <Flash_clock_prescaler v="Auto select" />
            <Flash_clock v="10.485760000000" />
            <enumgroup name="PLL/FLL clock selection" v="FLL">
              <Clock_frequency__MHz_ v="20.971520000000" />
            </enumgroup>
          </group>
        </group>
      </list>
    </Properties>
    <Methods>
      <EmptySection_DummyValue />
    </Methods>
    <Events>
      <Event_module_name v="Events" />
    </Events>
    <Compiler v="GNU C Compiler" />
    <CompilerProperties>
      <Compiler v="GNU C Compiler" />
      <boolgroup name="Generate linker file" v="yes">
        <Stack_size v="1024" />
        <Heap_size v="0" />
        <Set_memory_segments_to_default v="Click to set default &amp;gt;" />
        <Default_memory_for_interrupts v="INTERNAL RAM" />
        <Default_memory_for_code v="INTERNAL RAM" />
        <Default_memory_for_data v="INTERNAL RAM" />
        <list name="ROM/RAM Areas" v="5">
          <group name="MemoryArea0">
            <boolgroup name="ROM/RAM Area" v="Enabled">
              <Name v="m_interrupts" />
              <Qualifier v="RX" />
              <Address v="0" />
              <Size v="488" />
            </boolgroup>
          </group>
          <group name="MemoryArea1">
            <boolgroup name="ROM/RAM Area" v="Disabled" />
          </group>
          <group name="MemoryArea2">
            <boolgroup name="ROM/RAM Area" v="Enabled">
              <Name v="m_text" />
              <Qualifier v="RX" />
              <Address v="1040" />
              <Size v="1047536" />
            </boolgroup>
          </group>
          <group name="MemoryArea3">
            <boolgroup name="ROM/RAM Area" v="Enabled">
              <Name v="m_data" />
              <Qualifier v="RW" />
              <Address v="536805376" />
              <Size v="65536" />
            </boolgroup>
          </group>
          <group name="MemoryArea4">
            <boolgroup name="ROM/RAM Area" v="Enabled">
              <Name v="m_data_20000000" />
              <Qualifier v="RW" />
              <Address v="536870912" />
              <Size v="65536" />
            </boolgroup>
          </group>
        </list>
      </boolgroup>
    </CompilerProperties>
  </CPU_Bean>
  <CPU_Bean name="Cpu" type="MK60FN1M0LQ15">
    <Enabled v="Y" />
    <Properties>
      <Component_name v="Cpu" />
      <CPU_type v="MK60FN1M0VLQ12" />
      <Initialization_priority v="minimal priority" />
      <Watchdog_disable v="yes" />
      <group name="Internal peripherals">
        <EmptySection_DummyValue />
      </group>
      <group name="Low power mode settings">
        <EmptySection_DummyValue />
      </group>
      <list name="Clock configurations" v="1">
        <group name="Clock configuration 0">
          <boolgroup name="Very low power mode" v="Disabled" />
          <enumgroup name="Clock source setting" v="configuration 0">
            <MCG_mode v="PEE" />
            <MCG_output__MHz_ v="120" />
            <MCGIRCLK_clock__MHz_ v="0.032768" />
            <OSCERCLK_clock__MHz_ v="8" />
            <ERCLK32K__clock__kHz_ v="8" />
            <MCGFFCLK__kHz_ v="15.625" />
          </enumgroup>
          <group name="System clocks">
            <Core_clock_prescaler v="Auto select" />
            <Core_clock v="120" />
            <Bus_clock_prescaler v="Auto select" />
            <Bus_clock v="60" />
            <External_clock_prescaler v="Auto select" />
            <External_bus_clock v="60" />
            <Flash_clock_prescaler v="Auto select" />
            <Flash_clock v="20" />
            <enumgroup name="PLL/FLL clock selection" v="FLL">
              <Clock_frequency__MHz_ v="0" />
            </enumgroup>
          </group>
        </group>
      </list>
    </Properties>
    <Methods>
      <EmptySection_DummyValue />
    </Methods>
    <Events>
      <Event_module_name v="Events" />
    </Events>
    <Compiler v="GNU C Compiler" />
    <CompilerProperties>
      <Compiler v="GNU C Compiler" />
      <enumgroup name="Unhandled vectors" v="One handler for all">
        <Unhandled_int_code>
          <StrgList><![CDATA[/* This code can be changed using the CPU component property "Build Options / Unhandled int code" */
PE_DEBUGHALT();
]]></StrgList>
        </Unhandled_int_code>
      </enumgroup>
      <group name="User initialization">
        <User_data_declarations>
          <StrgList></StrgList>
        </User_data_declarations>
        <User_code_before_PE_initialization>
          <StrgList></StrgList>
        </User_code_before_PE_initialization>
        <User_code_after_PE_initialization>
          <StrgList></StrgList>
        </User_code_after_PE_initialization>
      </group>
      <boolgroup name="Generate debugger files" v="no" />
      <group name="Startup">
        <Add_startup_file v="yes" />
      </group>
      <boolgroup name="Generate linker file" v="yes">
        <Stack_size v="1024" />
        <Heap_size v="0" />
        <Set_memory_segments_to_default v="Click to set default &amp;gt;" />
        <Default_memory_for_interrupts v="INTERNAL FLASH" />
        <Default_memory_for_code v="INTERNAL FLASH" />
        <Default_memory_for_data v="INTERNAL RAM" />
        <list name="ROM/RAM Areas" v="5">
          <group name="MemoryArea0">
            <boolgroup name="ROM/RAM Area" v="Enabled">
              <Name v="m_interrupts" />
              <Qualifier v="RX" />
              <Address v="0" />
              <Size v="488" />
            </boolgroup>
          </group>
          <group name="MemoryArea1">
            <boolgroup name="ROM/RAM Area" v="Disabled" />
          </group>
          <group name="MemoryArea2">
            <boolgroup name="ROM/RAM Area" v="Enabled">
              <Name v="m_text" />
              <Qualifier v="RX" />
              <Address v="1040" />
              <Size v="1047536" />
            </boolgroup>
          </group>
          <group name="MemoryArea3">
            <boolgroup name="ROM/RAM Area" v="Enabled">
              <Name v="m_data" />
              <Qualifier v="RW" />
              <Address v="536805376" />
              <Size v="65536" />
            </boolgroup>
          </group>
          <group name="MemoryArea4">
            <boolgroup name="ROM/RAM Area" v="Enabled">
              <Name v="m_data_20000000" />
              <Qualifier v="RW" />
              <Address v="536870912" />
              <Size v="65536" />
            </boolgroup>
          </group>
        </list>
      </boolgroup>
    </CompilerProperties>
  </CPU_Bean>
  <Bean name="PTB" type="Init_GPIO">
    <Enabled v="Y" />
    <Properties>
      <Component_name v="PTB" />
      <Device v="PTB" />
      <group name="Settings">
        <boolgroup name="Pin 0" v="Do not initialize" />
        <boolgroup name="Pin 1" v="Initialize">
          <Pin_direction v="Output" />
          <Output_value v="1" />
          <Open_drain v="Disabled" />
          <Pull_resistor v="Disabled" />
          <Pull_selection v="No initialization" />
          <Slew_rate v="Fast" />
          <Drive_strength v="High" />
          <Interrupt_DMA_request v="Disabled" />
          <Digital_filter v="Disabled" />
          <Passive_filter v="Disabled" />
          <Lock v="no" />
        </boolgroup>
        <boolgroup name="Pin 2" v="Do not initialize" />
        <boolgroup name="Pin 3" v="Do not initialize" />
        <boolgroup name="Pin 4" v="Do not initialize" />
        <boolgroup name="Pin 5" v="Do not initialize" />
        <boolgroup name="Pin 6" v="Do not initialize" />
        <boolgroup name="Pin 7" v="Do not initialize" />
        <boolgroup name="Pin 8" v="Do not initialize" />
        <boolgroup name="Pin 9" v="Do not initialize" />
        <boolgroup name="Pin 10" v="Do not initialize" />
        <boolgroup name="Pin 11" v="Do not initialize" />
        <boolgroup name="Pin 16" v="Do not initialize" />
        <boolgroup name="Pin 17" v="Do not initialize" />
        <boolgroup name="Pin 18" v="Do not initialize" />
        <boolgroup name="Pin 19" v="Do not initialize" />
        <boolgroup name="Pin 20" v="Do not initialize" />
        <boolgroup name="Pin 21" v="Do not initialize" />
        <boolgroup name="Pin 22" v="Do not initialize" />
        <boolgroup name="Pin 23" v="Do not initialize" />
        <Digital_filter_clock_source v="Bus clock" />
        <Digital_filter_width v="0" />
      </group>
      <group name="Pin selection/routing">
        <boolgroup name="Pin 0" v="Disabled" />
        <boolgroup name="Pin 1" v="Enabled">
          <Pin v="ADC0_SE9/ADC1_SE9/ADC2_SE9/ADC3_SE9/TSI0_CH6/PTB1/I2C0_SDA/FTM1_CH1/RMII0_MDC/MII0_MDC/FTM1_QD_PHB" />
        </boolgroup>
        <boolgroup name="Pin 2" v="Disabled" />
        <boolgroup name="Pin 3" v="Disabled" />
        <boolgroup name="Pin 4" v="Disabled" />
        <boolgroup name="Pin 5" v="Disabled" />
        <boolgroup name="Pin 6" v="Disabled" />
        <boolgroup name="Pin 7" v="Disabled" />
        <boolgroup name="Pin 8" v="Disabled" />
        <boolgroup name="Pin 9" v="Disabled" />
        <boolgroup name="Pin 10" v="Disabled" />
        <boolgroup name="Pin 11" v="Disabled" />
        <boolgroup name="Pin 16" v="Disabled" />
        <boolgroup name="Pin 17" v="Disabled" />
        <boolgroup name="Pin 18" v="Disabled" />
        <boolgroup name="Pin 19" v="Disabled" />
        <boolgroup name="Pin 20" v="Disabled" />
        <boolgroup name="Pin 21" v="Disabled" />
        <boolgroup name="Pin 22" v="Disabled" />
        <boolgroup name="Pin 23" v="Disabled" />
      </group>
      <group name="Interrupts">
        <boolgroup name="Port interrupt" v="Disabled" />
      </group>
      <group name="Initialization">
        <Call_Init_method v="yes" />
      </group>
    </Properties>
    <Methods>
      <Init v="generate code" />
    </Methods>
    <Events>
      <EmptySection_DummyValue />
    </Events>
  </Bean>
  <Bean name="AS1" type="Serial_LDD">
    <Enabled v="Y" />
    <Properties>
      <Component_name v="AS1" />
      <Device v="UART3" />
      <boolgroup name="Interrupt service/event" v="Enabled">
        <Interrupt_RxD v="INT_UART3_RX_TX" />
        <Interrupt_RxD_priority v="medium priority" />
        <Interrupt_TxD v="INT_UART3_RX_TX" />
        <Interrupt_TxD_priority v="medium priority" />
        <Interrupt_Error v="INT_UART3_ERR" />
        <Interrupt_Error_priority v="medium priority" />
      </boolgroup>
      <group name="Settings">
        <Data_width v="8 bits" />
        <Parity v="None" />
        <Stop_bits v="1" />
        <Loop_mode v="Normal" />
        <Baud_rate v="115200 baud" />
        <Wakeup_condition v="Idle line wakeup" />
        <Stop_in_wait_mode v="no" />
        <Idle_line_mode v="Starts after start bit" />
        <Transmitter_output v="Not inverted" />
        <Receiver_input v="Not inverted" />
        <Break_generation_length v="10/11 bits" />
        <boolgroup name="Receiver" v="Enabled">
          <RxD v="ADC1_SE14/PTB10/SPI1_PCS0/UART3_RX/I2S1_TX_BCLK/FBa_AD19/FTM0_FLT1" />
        </boolgroup>
        <boolgroup name="Transmitter" v="Enabled">
          <TxD v="ADC1_SE15/PTB11/SPI1_SCK/UART3_TX/I2S1_TX_FS/FBa_AD18/FTM0_FLT2" />
        </boolgroup>
        <enumgroup name="Flow control" v="Hardware (RTS/CTS)">
          <boolgroup name="CTS" v="Disabled" />
          <boolgroup name="RTS" v="Disabled" />
        </enumgroup>
      </group>
      <group name="Initialization">
        <Enabled_in_init__code v="yes" />
        <group name="Event mask">
          <OnBlockSent v="Enabled" />
          <OnBlockReceived v="Enabled" />
          <OnTxComplete v="Disabled" />
          <OnError v="Disabled" />
          <OnBreak v="Disabled" />
        </group>
      </group>
    </Properties>
    <Methods>
      <Init v="generate code" />
      <Deinit v="don&amp;apos;t generate code" />
      <Enable v="don&amp;apos;t generate code" />
      <Disable v="don&amp;apos;t generate code" />
      <SendBlock v="generate code" />
      <ReceiveBlock v="generate code" />
      <CancelBlockTransmission v="don&amp;apos;t generate code" />
      <CancelBlockReception v="don&amp;apos;t generate code" />
      <GetError v="don&amp;apos;t generate code" />
      <GetSentDataNum v="don&amp;apos;t generate code" />
      <GetReceivedDataNum v="don&amp;apos;t generate code" />
      <GetTxCompleteStatus v="don&amp;apos;t generate code" />
      <SetEventMask v="don&amp;apos;t generate code" />
      <GetEventMask v="don&amp;apos;t generate code" />
      <SelectBaudRate v="don&amp;apos;t generate code" />
      <GetSelectedBaudRate v="don&amp;apos;t generate code" />
      <SetParity v="don&amp;apos;t generate code" />
      <GetParity v="don&amp;apos;t generate code" />
      <SetDataWidth v="don&amp;apos;t generate code" />
      <GetDataWidth v="don&amp;apos;t generate code" />
      <SetStopBitLength v="don&amp;apos;t generate code" />
      <GetStopBitLength v="don&amp;apos;t generate code" />
      <SetLoopMode v="don&amp;apos;t generate code" />
      <GetLoopMode v="don&amp;apos;t generate code" />
      <GetStats v="don&amp;apos;t generate code" />
      <ClearStats v="don&amp;apos;t generate code" />
      <SendBreak v="don&amp;apos;t generate code" />
      <GetBreak v="don&amp;apos;t generate code" />
      <TurnTxOn v="don&amp;apos;t generate code" />
      <TurnTxOff v="don&amp;apos;t generate code" />
      <TurnRxOn v="don&amp;apos;t generate code" />
      <TurnRxOff v="don&amp;apos;t generate code" />
      <ConnectPin v="don&amp;apos;t generate code" />
      <Main v="don&amp;apos;t generate code" />
      <SetOperationMode v="don&amp;apos;t generate code" />
      <GetDriverState v="don&amp;apos;t generate code" />
    </Methods>
    <Events>
      <Event_module_name v="Events" />
      <event name="OnBlockReceived" v="generate code">
        <Event_procedure_name v="AS1_OnBlockReceived" />
      </event>
      <event name="OnBlockSent" v="generate code">
        <Event_procedure_name v="AS1_OnBlockSent" />
      </event>
      <event name="OnBreak" v="don&amp;apos;t generate code" />
      <event name="OnError" v="don&amp;apos;t generate code" />
      <event name="OnTxComplete" v="don&amp;apos;t generate code" />
    </Events>
  </Bean>
  <Bean name="Term1" type="Term">
    <Enabled v="Y" />
    <Properties>
      <Component_name v="Term1" />
      <inhrbean type="AsynchroSerial">
        <Enabled v="Y" />
        <Template v="AsynchroForTerminal" />
        <Properties>
          <Component_name v="Inhr1" />
          <Channel v="UART5" />
          <boolgroup name="Interrupt service/event" v="Disabled" />
          <group name="Settings">
            <Parity v="none" />
            <Width v="8 bits" />
            <Stop_bit v="1" />
            <boolgroup name="Receiver" v="Enabled">
              <RxD v="PTD8/I2C0_SCL/UART5_RX/FBa_A16/NFC_CLE" />
            </boolgroup>
            <boolgroup name="Transmitter" v="Enabled">
              <TxD v="PTD9/I2C0_SDA/UART5_TX/FBa_A17/NFC_ALE" />
            </boolgroup>
            <Baud_rate v="1875000 baud" />
            <Break_signal v="Disabled" />
            <Wakeup_condition v="Idle line wakeup" />
            <Transmitter_output v="Not inverted" />
            <Receiver_input v="Not inverted" />
            <Stop_in_wait_mode v="no" />
            <Idle_line_mode v="starts after start bit" />
            <Break_generation_length v="Short" />
          </group>
          <group name="Initialization">
            <Enabled_in_init__code v="yes" />
            <Events_enabled_in_init_ v="yes" />
          </group>
          <group name="CPU clock/speed selection">
            <High_speed_mode v="This component enabled" />
            <Low_speed_mode v="This component disabled" />
            <Slow_speed_mode v="This component disabled" />
          </group>
          <group name="Referenced components">
            <inhrbean type="Serial_LDD">
              <Enabled v="Y" />
              <Properties>
                <Component_name v="ASerialLdd2" />
                <Device v="UART5" />
                <boolgroup name="Interrupt service/event" v="Disabled" />
                <group name="Settings">
                  <Data_width v="8 bits" />
                  <Parity v="None" />
                  <Stop_bits v="1" />
                  <Loop_mode v="Normal" />
                  <Baud_rate v="1875000 baud" />
                  <Wakeup_condition v="Idle line wakeup" />
                  <Stop_in_wait_mode v="no" />
                  <Idle_line_mode v="Starts after start bit" />
                  <Transmitter_output v="Not inverted" />
                  <Receiver_input v="Not inverted" />
                  <Break_generation_length v="10/11 bits" />
                  <boolgroup name="Receiver" v="Enabled">
                    <RxD v="PTD8/I2C0_SCL/UART5_RX/FBa_A16/NFC_CLE" />
                  </boolgroup>
                  <boolgroup name="Transmitter" v="Enabled">
                    <TxD v="PTD9/I2C0_SDA/UART5_TX/FBa_A17/NFC_ALE" />
                  </boolgroup>
                  <enumgroup name="Flow control" v="None">
                    <EmptySection_DummyValue />
                  </enumgroup>
                </group>
                <group name="Initialization">
                  <Enabled_in_init__code v="yes" />
                  <group name="Event mask">
                    <OnBlockSent v="Disabled" />
                    <OnBlockReceived v="Disabled" />
                    <OnTxComplete v="Disabled" />
                    <OnError v="Disabled" />
                    <OnBreak v="Enabled" />
                  </group>
                </group>
              </Properties>
              <Methods>
                <Init v="generate code" />
                <Deinit v="don&amp;apos;t generate code" />
                <Enable v="don&amp;apos;t generate code" />
                <Disable v="don&amp;apos;t generate code" />
                <SendBlock v="generate code" />
                <ReceiveBlock v="generate code" />
                <CancelBlockTransmission v="don&amp;apos;t generate code" />
                <CancelBlockReception v="don&amp;apos;t generate code" />
                <GetError v="generate code" />
                <GetSentDataNum v="don&amp;apos;t generate code" />
                <GetReceivedDataNum v="generate code" />
                <GetTxCompleteStatus v="don&amp;apos;t generate code" />
                <SetEventMask v="don&amp;apos;t generate code" />
                <GetEventMask v="don&amp;apos;t generate code" />
                <SelectBaudRate v="don&amp;apos;t generate code" />
                <GetSelectedBaudRate v="don&amp;apos;t generate code" />
                <SetParity v="don&amp;apos;t generate code" />
                <GetParity v="don&amp;apos;t generate code" />
                <SetDataWidth v="don&amp;apos;t generate code" />
                <GetDataWidth v="don&amp;apos;t generate code" />
                <SetStopBitLength v="don&amp;apos;t generate code" />
                <GetStopBitLength v="don&amp;apos;t generate code" />
                <SetLoopMode v="don&amp;apos;t generate code" />
                <GetLoopMode v="don&amp;apos;t generate code" />
                <GetStats v="don&amp;apos;t generate code" />
                <ClearStats v="don&amp;apos;t generate code" />
                <SendBreak v="don&amp;apos;t generate code" />
                <GetBreak v="don&amp;apos;t generate code" />
                <TurnTxOn v="don&amp;apos;t generate code" />
                <TurnTxOff v="don&amp;apos;t generate code" />
                <TurnRxOn v="don&amp;apos;t generate code" />
                <TurnRxOff v="don&amp;apos;t generate code" />
                <ConnectPin v="don&amp;apos;t generate code" />
                <Main v="generate code" />
                <SetOperationMode v="don&amp;apos;t generate code" />
                <GetDriverState v="don&amp;apos;t generate code" />
              </Methods>
              <Events>
                <Event_module_name v="Events" />
                <event name="OnBlockReceived" v="don&amp;apos;t generate code" />
                <event name="OnBlockSent" v="don&amp;apos;t generate code" />
                <event name="OnBreak" v="generate code">
                  <Event_procedure_name v="ASerialLdd2_OnBreak" />
                </event>
                <event name="OnError" v="don&amp;apos;t generate code" />
                <event name="OnTxComplete" v="don&amp;apos;t generate code" />
              </Events>
            </inhrbean>
          </group>
        </Properties>
        <Methods>
          <Enable v="don&amp;apos;t generate code" />
          <Disable v="don&amp;apos;t generate code" />
          <EnableEvent v="don&amp;apos;t generate code" />
          <DisableEvent v="don&amp;apos;t generate code" />
          <RecvChar v="generate code" />
          <SendChar v="generate code" />
          <RecvBlock v="don&amp;apos;t generate code" />
          <SendBlock v="don&amp;apos;t generate code" />
          <ClearRxBuf v="don&amp;apos;t generate code" />
          <ClearTxBuf v="don&amp;apos;t generate code" />
          <CharsInRxBuf v="don&amp;apos;t generate code" />
          <GetCharsInRxBuf v="generate code" />
          <CharsInTxBuf v="don&amp;apos;t generate code" />
          <GetCharsInTxBuf v="don&amp;apos;t generate code" />
          <SetBaudRateMode v="don&amp;apos;t generate code" />
          <GetError v="don&amp;apos;t generate code" />
          <GetBreak v="don&amp;apos;t generate code" />
          <SetBreak v="don&amp;apos;t generate code" />
          <TurnTxOn v="don&amp;apos;t generate code" />
          <TurnTxOff v="don&amp;apos;t generate code" />
          <TurnRxOn v="don&amp;apos;t generate code" />
          <TurnRxOff v="don&amp;apos;t generate code" />
          <LoopMode v="don&amp;apos;t generate code" />
          <ConnectPin v="don&amp;apos;t generate code" />
        </Methods>
        <Events>
          <Event_module_name v="Events" />
          <event name="BeforeNewSpeed" v="don&amp;apos;t generate code" />
          <event name="AfterNewSpeed" v="don&amp;apos;t generate code" />
          <event name="OnError" v="don&amp;apos;t generate code" />
          <event name="OnRxChar" v="don&amp;apos;t generate code" />
          <event name="OnRxCharExt" v="don&amp;apos;t generate code" />
          <event name="OnTxChar" v="don&amp;apos;t generate code" />
          <event name="OnFullRxBuf" v="don&amp;apos;t generate code" />
          <event name="OnFreeTxBuf" v="don&amp;apos;t generate code" />
          <event name="OnBreak" v="don&amp;apos;t generate code" />
          <event name="OnTxComplete" v="don&amp;apos;t generate code" />
        </Events>
      </inhrbean>
      <group name="CPU clock/speed selection">
        <High_speed_mode v="This component enabled" />
        <Low_speed_mode v="This component disabled" />
        <Slow_speed_mode v="This component disabled" />
      </group>
    </Properties>
    <Methods>
      <CRLF v="generate code" />
      <SendStr v="generate code" />
      <SendNum v="generate code" />
      <SendFloatNum v="generate code" />
      <SendChar v="generate code" />
      <Cls v="generate code" />
      <CursorUp v="generate code" />
      <CursorDown v="generate code" />
      <CursorLeft v="generate code" />
      <CursorRight v="generate code" />
      <MoveTo v="generate code" />
      <SetColor v="generate code" />
      <EraseLine v="generate code" />
      <ReadChar v="generate code" />
      <KeyPressed v="generate code" />
      <ReadLine v="generate code" />
    </Methods>
    <Events>
      <EmptySection_DummyValue />
    </Events>
  </Bean>
  <Bean name="PTD" type="Init_GPIO">
    <Enabled v="Y" />
    <Properties>
      <Component_name v="PTD" />
      <Device v="PTD" />
      <group name="Settings">
        <boolgroup name="Pin 0" v="Do not initialize" />
        <boolgroup name="Pin 1" v="Do not initialize" />
        <boolgroup name="Pin 2" v="Do not initialize" />
        <boolgroup name="Pin 3" v="Do not initialize" />
        <boolgroup name="Pin 4" v="Do not initialize" />
        <boolgroup name="Pin 5" v="Do not initialize" />
        <boolgroup name="Pin 6" v="Do not initialize" />
        <boolgroup name="Pin 7" v="Do not initialize" />
        <boolgroup name="Pin 8" v="Initialize">
          <Pin_direction v="No initialization" />
          <Output_value v="No initialization" />
          <Open_drain v="No initialization" />
          <Pull_resistor v="No initialization" />
          <Pull_selection v="No initialization" />
          <Slew_rate v="No initialization" />
          <Drive_strength v="No initialization" />
          <Interrupt_DMA_request v="No initialization" />
          <Digital_filter v="No initialization" />
          <Passive_filter v="No initialization" />
          <Lock v="No initialization" />
        </boolgroup>
        <boolgroup name="Pin 9" v="Initialize">
          <Pin_direction v="No initialization" />
          <Output_value v="No initialization" />
          <Open_drain v="No initialization" />
          <Pull_resistor v="No initialization" />
          <Pull_selection v="No initialization" />
          <Slew_rate v="No initialization" />
          <Drive_strength v="No initialization" />
          <Interrupt_DMA_request v="No initialization" />
          <Digital_filter v="No initialization" />
          <Passive_filter v="No initialization" />
          <Lock v="No initialization" />
        </boolgroup>
        <boolgroup name="Pin 10" v="Do not initialize" />
        <boolgroup name="Pin 11" v="Do not initialize" />
        <boolgroup name="Pin 12" v="Do not initialize" />
        <boolgroup name="Pin 13" v="Do not initialize" />
        <boolgroup name="Pin 14" v="Do not initialize" />
        <boolgroup name="Pin 15" v="Do not initialize" />
        <Digital_filter_clock_source v="Bus clock" />
        <Digital_filter_width v="0" />
      </group>
      <group name="Pin selection/routing">
        <boolgroup name="Pin 0" v="Disabled" />
        <boolgroup name="Pin 1" v="Disabled" />
        <boolgroup name="Pin 2" v="Disabled" />
        <boolgroup name="Pin 3" v="Disabled" />
        <boolgroup name="Pin 4" v="Disabled" />
        <boolgroup name="Pin 5" v="Disabled" />
        <boolgroup name="Pin 6" v="Disabled" />
        <boolgroup name="Pin 7" v="Disabled" />
        <boolgroup name="Pin 8" v="Disabled" />
        <boolgroup name="Pin 9" v="Disabled" />
        <boolgroup name="Pin 10" v="Disabled" />
        <boolgroup name="Pin 11" v="Disabled" />
        <boolgroup name="Pin 12" v="Disabled" />
        <boolgroup name="Pin 13" v="Disabled" />
        <boolgroup name="Pin 14" v="Disabled" />
        <boolgroup name="Pin 15" v="Disabled" />
      </group>
      <group name="Interrupts">
        <boolgroup name="Port interrupt" v="Disabled" />
      </group>
      <group name="Initialization">
        <Call_Init_method v="yes" />
      </group>
    </Properties>
    <Methods>
      <Init v="generate code" />
    </Methods>
    <Events>
      <EmptySection_DummyValue />
    </Events>
  </Bean>
</PE_PROJECT_SETTINGS_DOCUMENTATION>

